{"cameraMode":{"drawMode":0,"name":"Shaded","section":"Shading Mode"},"sceneLighting":true,"audioPlay":false,"sceneViewState":{"m_AlwaysRefresh":false,"showFog":true,"showSkybox":true,"showFlares":true,"showImageEffects":true,"showParticleSystems":true,"showVisualEffectGraphs":true,"m_FxEnabled":true},"in2DMode":false,"pivot":{"x":7.601032257080078,"y":10.507465362548829,"z":-0.017696380615234376},"rotation":{"x":0.027232510969042779,"y":0.8382495045661926,"z":-0.04203939065337181,"w":0.5429861545562744},"size":20.79408073425293,"orthographic":false}